Subject,8 to 13 Hz,13 to 30 Hz,8 to 30 Hz
1,0.7555555555555555,0.8666666666666667,0.7777777777777777
2,0.7111111111111111,0.6888888888888888,0.6444444444444444
3,0.7111111111111111,0.48888888888888893,0.6666666666666666
4,0.6888888888888888,0.6,0.6222222222222222
5,0.6,0.5333333333333333,0.5111111111111111
6,0.48888888888888893,0.6444444444444444,0.5111111111111111
7,0.8000000000000002,0.8666666666666667,0.7777777777777777
8,0.6222222222222222,0.6666666666666666,0.6444444444444444
9,0.5111111111111111,0.5333333333333333,0.6
10,0.7111111111111111,0.4222222222222222,0.5555555555555555
